antecedents,consequents,antecedent support,consequent support,support,confidence,lift,representativity,leverage,conviction,zhangs_metric,jaccard,certainty,kulczynski
frozenset({'PINK REGENCY TEACUP AND SAUCER'}),frozenset({'GREEN REGENCY TEACUP AND SAUCER'}),0.025432980993499082,0.03332340826757977,0.02121482804823582,0.8341463414634146,25.0318435246899,1.0,0.020367314439127853,5.828491214857238,0.9851050426517788,0.565102445472571,0.8284290113621637,0.735390371029548
frozenset({'GREEN REGENCY TEACUP AND SAUCER'}),frozenset({'PINK REGENCY TEACUP AND SAUCER'}),0.03332340826757977,0.025432980993499082,0.02121482804823582,0.6366344005956813,25.0318435246899,1.0,0.020367314439127853,2.6820563658314156,0.9931458908142898,0.565102445472571,0.6271517583523983,0.735390371029548
frozenset({'ROSES REGENCY TEACUP AND SAUCER'}),frozenset({'GREEN REGENCY TEACUP AND SAUCER'}),0.03501066944568508,0.03332340826757977,0.02540816832911518,0.7257264351523742,21.77827757968056,1.0,0.024241493497455337,3.5244978577117445,0.9886976531765062,0.591907514450867,0.716271639146564,0.7440992562954724
